Species,Sunlight,avg_GrowthScore,SpeciesRank
Basil,High,44.24714285714286,3
Basil,Low,25.80263157894737,3
Lavender,High,41.86944444444444,2
Lavender,Low,26.223684210526315,2
Rose,High,41.06928571428572,1
Rose,Low,26.361,1
