Species,Sunlight,avg_GrowthScore_x,SpeciesMean,SpeciesRank,avg_GrowthScore_y
Basil,High,44.24714285714286,35.985022851245766,1.0,44.24714285714286
Lavender,High,41.86944444444444,35.106130604288495,2.0,41.86944444444444
Rose,High,41.06928571428572,34.28676190476191,3.0,41.06928571428572
