Primary_Device,Gender,avg_screen_time,device_sum,device_rank
Laptop,Female,4.2737346437346435,8.54895085995086,1.0
Laptop,Male,4.275216216216216,8.54895085995086,1.0
Smartphone,Female,3.976020816653323,8.105695739253942,2.0
Smartphone,Male,4.1296749226006195,8.105695739253942,2.0
TV,Female,3.9820329670329673,7.8865772029579,3.0
TV,Male,3.904544235924933,7.8865772029579,3.0
