Primary_Device,Exceeded_Recommended_Limit,avg_screen_time,device_sum,device_rank
Laptop,No,2.3340666666666667,7.072711004784689,1.0
Laptop,Yes,4.738644338118022,7.072711004784689,1.0
Smartphone,No,1.6277719298245614,6.383611605116291,2.0
Smartphone,Yes,4.75583967529173,6.383611605116291,2.0
Tablet,No,1.3174770642201834,6.153143068196327,3.0
Tablet,Yes,4.835666003976144,6.153143068196327,3.0
