Species,Sunlight,avg_GrowthScore_x,SpeciesMean,SpeciesRank,avg_GrowthScore_y
Sunflower,High,42.015,36.510675954592365,1.0,42.015
Daisy,High,42.34466666666666,36.24831481481481,2.0,42.34466666666666
Mint,High,46.1765,35.383663742690054,3.0,46.1765
